contact_id,first_name,last_name,email,cf_id,company_name,launch_date,end_date,remaining_goal_amount
4524,Zbigniew,Holmes,zbigniew.holmes@stiffel.net,2926,"Glass, Nunez and Mcdonald",2021-10-12,2022-01-18,5869.00
4499,Zaira,Cattaneo,zaira.cattaneo@yahoo.com,2901,Miller-Patel,2021-11-21,2021-12-19,56007.00
3096,Zacharie,Cordier,zacharie.cordier@gmail.com,698,"Hamilton, Wright and Chavez",2021-01-14,2021-07-07,72854.00
1563,Yvonne,Stout,yvonne.stout@sims.edu,1260,Smith-Smith,2021-03-10,2021-05-26,183084.00
2545,Yvette,Harding,yvette.harding@yahoo.co.uk,1439,"Ayala, Crawford and Taylor",2021-02-16,2022-01-17,1222.00
3857,Yves,Mendez,yves.mendez@gmail.com,435,Stevenson PLC,2021-02-19,2021-07-23,159190.00
2251,Yolanda,Snyder,yolanda.snyder@gmx.de,2653,Spencer-Bates,2020-11-20,2021-07-27,55686.00
2212,Wilfrido,Lorch,wilfrido.lorch@leclerc.fr,1862,David-Clark,2021-09-02,2021-12-31,864.00
1487,Wendy,Bustos,wendy.bustos@libero.it,2776,Hughes Inc,2021-01-17,2021-01-30,2380.00
1326,Volkmar,Gauthier,volkmar.gauthier@hotmail.com,1780,Dominguez-Owens,2021-07-16,2021-08-17,118171.00
5508,Vito,Dossi,vito.dossi@hotmail.co.uk,2122,Black-Graham,2021-09-17,2021-10-03,138369.00
5008,Virginia,Caetani,virginia.caetani@sosa.biz,87,Woods-Clark,2021-01-18,2021-03-20,4970.00
3855,Vincenza,Key,vincenza.key@adams.com,835,"Becker, Rice and White",2020-09-24,2021-05-26,98.00
5500,Vincentio,Sanders,vincentio.sanders@voila.fr,1561,Ortiz-Roberts,2021-06-09,2021-06-18,961.00
4400,Vincent,Singh,vincent.singh@gmail.com,164,Obrien-Aguirre,2021-02-15,2021-11-12,92543.00
1409,Victoria,Ojeda,victoria.ojeda@doehn.com,3062,Sutton PLC,2020-07-25,2021-05-11,5212.00
1268,Vicente,Tijerina,vicente.tijerina@montanariello.com,1834,King Inc,2020-08-06,2021-08-30,3022.00
5501,Venancio,Stadelmann,venancio.stadelmann@gmx.de,2404,Allen-Curtis,2020-09-13,2021-09-17,28004.00
2651,Vanesa,Khan,vanesa.khan@voila.fr,879,Cook LLC,2021-02-24,2021-09-04,1162.00
4838,Valentine,Acosta,valentine.acosta@peters.net,1265,Deleon and Sons,2021-01-11,2021-12-28,20691.00
3329,Uberto,Steele,uberto.steele@outlook.com,1719,"Hood, Perez and Meadows",2020-04-04,2021-03-11,99.00
2670,Trevor,Granados,trevor.granados@gmail.com,3042,Vasquez Inc,2020-12-02,2021-07-02,6078.00
2031,Tracey,Laboy,tracey.laboy@bell.biz,1324,Gross PLC,2020-03-24,2021-03-11,110583.00
3209,Toralf,Iglesias,toralf.iglesias@borrego.com,2999,Edwards-Lewis,2022-01-15,2022-02-03,144608.00
3321,Tony,Nicolas,tony.nicolas@morrocco-seddio.net,296,"Lee, Ali and Guzman",2020-09-15,2021-02-23,5011.00
5216,Tonino,Stanley,tonino.stanley@hotmail.com,379,Blair Group,2020-11-17,2021-11-23,4379.00
4708,Toni,Magrassi,toni.magrassi@gmail.com,2968,Smith-Powell,2021-09-09,2021-10-21,2639.00
1830,Tomislav,Stoppani,tomislav.stoppani@corporacin.org,564,Everett-Wolfe,2020-12-09,2021-06-14,2276.00
4594,Toby,Etzler,toby.etzler@industrias.com,80,Guzman Group,2021-02-10,2021-09-22,17523.00
5713,Tobias,Carbajal,tobias.carbajal@live.com,3138,Joyce PLC,2020-09-25,2021-05-18,426.00
2131,Tina,Rodriguez,tina.rodriguez@web.de,197,Stewart-Coleman,2021-01-15,2021-03-09,75593.00
2996,Timothy,Weitzel,timothy.weitzel@gmail.com,2371,Stevens Inc,2021-10-08,2021-11-27,6654.00
2114,Timoteo,Bolnbach,timoteo.bolnbach@laboratorios.com,1458,"Summers, Gallegos and Stein",2020-09-24,2021-07-27,182572.00
5466,Thierry,Schwartz,thierry.schwartz@travaglio.net,1216,King-Morris,2020-11-27,2021-06-29,124285.00
4922,Thibault,Savorgnan,thibault.savorgnan@butler.biz,913,Clements Group,2021-02-10,2021-04-08,4104.00
5343,Terry,Ramirez,terry.ramirez@hotmail.co.uk,640,"Williams, Johnson and Campbell",2020-09-14,2021-04-07,3961.00
2383,Terri,Iannelli,terri.iannelli@hotmail.com,1635,"Acosta, Mullins and Morris",2021-05-28,2021-07-01,35173.00
2966,Teresa,Vecellio,teresa.vecellio@yahoo.com,2354,"Jones, Contreras and Burnett",2021-01-27,2021-12-16,133741.00
5027,Tammy,Ramazzotti,tammy.ramazzotti@gmail.com,29,"Hernandez, Rodriguez and Clark",2021-03-12,2022-01-05,4741.00
2790,Tadeusz,Medina,tadeusz.medina@jackson-clark.net,1699,Meyer-Avila,2020-12-02,2021-05-28,3900.00
5436,Svetlana,Montanariello,svetlana.montanariello@putz.de,1586,Case LLC,2020-02-28,2021-03-01,140143.00
1725,Svenja,Perrin,svenja.perrin@berger.com,65,Berry-Richardson,2020-05-28,2021-05-29,8362.00
3858,Suzanne,Benigni,suzanne.benigni@mennea-morlacchi.com,2530,Delgado-Hatfield,2020-12-14,2021-07-06,96.00
1664,Susi,Steinberg,susi.steinberg@preiss.com,1213,"Bradshaw, Gill and Donovan",2020-09-07,2021-07-29,12857.00
5534,Steven,Folliero,steven.folliero@noos.fr,1956,"Avery, Brown and Parker",2020-08-11,2021-06-25,2787.00
3176,Stephen,Pratesi,stephen.pratesi@hotmail.com,694,"Potter, Harper and Everett",2020-06-12,2021-07-09,55645.00
1558,Stephanie,King,stephanie.king@cervantes.com,875,Johnson-Gould,2021-03-24,2022-01-27,3011.00
2260,Steffen,Mangold,steffen.mangold@paul.net,625,Rodriguez-Brown,2021-01-29,2021-06-20,70650.00
4148,Stefano,Lemonnier,stefano.lemonnier@binner.com,2551,Smith-Mullins,2020-12-22,2021-12-21,112302.00
3904,Stefani,Ughi,stefani.ughi@hotmail.it,1327,"Page, Holt and Mack",2021-08-01,2021-10-14,21180.00
1533,Stanley,Mills,stanley.mills@parker-lee.biz,675,"Lane, Ryan and Chapman",2021-02-22,2021-04-01,626.00
1424,Sonja,Patberg,sonja.patberg@hotmail.com,864,Murphy LLC,2021-02-21,2021-06-16,8432.00
3390,Sole,Trevino,sole.trevino@hotmail.com,2667,Hansen-Austin,2020-05-11,2021-03-18,780.00
6191,Slobodan,Camiscione,slobodan.camiscione@hotmail.com,2529,"Valenzuela, Davidson and Castro",2021-04-14,2021-07-10,5473.00
3460,Silvano,Blanchet,silvano.blanchet@yahoo.com,2514,"Adams, Willis and Sanchez",2021-04-25,2021-07-05,1823.00
3275,Shelly,Guichard,shelly.guichard@gmail.com,1707,Vance-Glover,2021-02-27,2021-11-06,206.00
5443,Shelley,Perry,shelley.perry@gierschner.de,2288,Anderson LLC,2020-05-20,2021-06-23,4940.00
5761,Sharon,Diallo,sharon.diallo@gmail.com,2019,Glover-Nelson,2021-04-10,2021-05-18,37241.00
3489,Seth,Olivier,seth.olivier@yahoo.com,990,Morgan-Martinez,2021-03-23,2021-12-06,143744.00
4102,Sergius,Mace,sergius.mace@palazzo.com,2808,Flores-Lambert,2021-07-18,2021-10-05,66205.00
5801,Sean,Mielcarek,sean.mielcarek@gmail.com,2047,Patterson-Johnson,2021-08-30,2021-12-01,3527.00
5818,Scott,Gough,scott.gough@industrias.com,2413,"Patterson, Salinas and Lucas",2020-04-10,2021-04-15,1598.00
5989,Sarah,Davis,sarah.davis@david.com,2568,Castillo-Carey,2020-05-05,2021-05-30,121093.00
3339,Santiago,Berry,santiago.berry@aol.de,120,Kennedy-Miller,2020-03-08,2021-03-25,5649.00
1299,Sandra,Hardy,sandra.hardy@web.de,1950,Kim Ltd,2020-11-14,2021-04-09,671.00
2199,Samuel,Sorgatz,samuel.sorgatz@gmail.com,1365,Larson-Little,2020-12-21,2021-08-23,2335.00
2740,Samira,Bottaro,samira.bottaro@vasseur.fr,30,Yu and Sons,2021-09-28,2021-12-17,1131.00
2215,Samantha,Lowe,samantha.lowe@praga.it,326,"Lopez, Adams and Johnson",2021-07-10,2021-08-03,6280.00
4561,Sabine,Lachmann,sabine.lachmann@phillips.org,649,"Cole, Petty and Cameron",2020-08-12,2021-04-17,97.00
5707,Ryan,Kim,ryan.kim@noos.fr,2973,Cox LLC,2020-10-27,2021-06-27,3803.00
3324,Ruggero,Parpinel,ruggero.parpinel@gmail.com,2302,Harper-Bryan,2020-04-09,2021-03-11,1331.00
4033,Ruby,Carriera,ruby.carriera@hotmail.it,220,"Nelson, Smith and Graham",2020-01-15,2021-02-03,3708.00
6147,Roy,Fox,roy.fox@tejeda.com,2635,Robbins and Sons,2020-09-16,2021-02-27,97.00
2030,Rosl,Lamborghini,rosl.lamborghini@hiller.net,513,"Williams, Orozco and Gomez",2021-04-22,2021-08-20,95.00
2213,Rosa,Paul,rosa.paul@bien.com,2931,Vargas-Cox,2021-05-06,2021-06-22,36426.00
4807,Ron,Cavazos,ron.cavazos@yahoo.com,3136,Smith-Miller,2021-04-08,2021-05-19,576.00
3863,Romana,Blanchard,romana.blanchard@googlemail.com,2729,Wilson and Sons,2021-05-16,2021-10-11,205.00
4420,Roman,Gonzalez,roman.gonzalez@anderson.net,174,Meza-Rogers,2020-11-24,2021-12-26,9486.00
3697,Rico,Mortati,rico.mortati@faivre.fr,1823,Valdez Ltd,2020-06-17,2021-06-26,100.00
1495,Richard,Andre,richard.andre@porras.org,426,Kelly PLC,2021-03-11,2021-07-05,25063.00
3599,Ria,Venier,ria.venier@murillo-estevez.com,3098,"Harris, Medina and Mitchell",2021-01-02,2021-05-11,3617.00
4890,Rhonda,Phillips,rhonda.phillips@yahoo.com,980,"Berger, Johnson and Marshall",2020-12-12,2021-06-18,114641.00
6103,Reynaldo,Wagenknecht,reynaldo.wagenknecht@faure.com,878,"Hall, Holmes and Walker",2021-02-17,2021-06-05,138462.00
3229,Rembrandt,Liguori,rembrandt.liguori@davis.org,2588,"Brown, Palmer and Pace",2021-01-21,2021-07-11,99.00
5753,Reinhilde,White,reinhilde.white@voila.fr,1683,"Rodriguez, Rose and Stewart",2021-11-14,2022-01-02,9371.00
1891,Reingard,Kambs,reingard.kambs@sagese.eu,1779,"Reilly, Aguirre and Johnson",2020-07-18,2021-01-31,4288.00
5318,Reiner,Poerio,reiner.poerio@yahoo.com,2242,"Smith, Mack and Williams",2020-07-04,2021-02-14,2831.00
3849,Reina,Middleton,reina.middleton@hotmail.com,1344,Curtis-Curtis,2021-04-20,2021-10-14,1988.00
5853,Reginald,Hughes,reginald.hughes@gmail.com,595,White LLC,2021-01-01,2022-01-22,48990.00
3012,Raphaela,Gotthard,raphaela.gotthard@outlook.com,1807,Harrison-Bridges,2021-03-04,2021-09-21,75070.00
1542,Randy,Alfieri,randy.alfieri@verri.org,316,Fox Ltd,2020-11-18,2021-11-16,14685.00
2442,Raisa,Poulain,raisa.poulain@fastwebnet.it,1016,"Howell, Myers and Olson",2021-04-24,2021-08-05,21006.00
6217,Rafael,Alexander,rafael.alexander@jenkins.com,647,Cole LLC,2021-08-07,2022-01-13,25998.00
2906,Puccio,Kitzmann,puccio.kitzmann@yahoo.com,1486,Jones-Watson,2021-06-27,2022-01-17,5999.00
6094,Pomponio,Comencini,pomponio.comencini@hotmail.co.uk,1135,"Johnson, Murphy and Peterson",2021-01-28,2021-08-11,71036.00
3364,Pina,Passalacqua,pina.passalacqua@yahoo.co.uk,2393,Price and Sons,2021-10-09,2021-11-29,44516.00
4617,Pierre,Cardenas,pierre.cardenas@luzi-bonomo.eu,2547,"Rush, Reed and Hall",2021-08-12,2021-11-18,5986.00
5388,Pierpaolo,Scaduto,pierpaolo.scaduto@sanders-gibson.com.au,88,"Hogan, Porter and Rivera",2021-07-14,2021-08-23,3887.00
6020,Piermaria,Laporte,piermaria.laporte@wesack.com,2313,Williams-Santos,2021-01-15,2021-04-08,2548.00
2961,Pia,Burgess,pia.burgess@proyectos.org,806,Walter Inc,2020-12-20,2021-01-31,1858.00
4426,Phyllis,Gurule,phyllis.gurule@rodriguez-pham.com,656,Kramer Group,2021-10-09,2021-11-15,1668.00
2793,Philippine,Vaca,philippine.vaca@hotmail.com,3104,Spencer-Weber,2020-12-05,2021-07-13,4147.00
4769,Philip,Perez,philip.perez@hotmail.co.uk,2676,Garcia Group,2020-11-07,2021-03-15,145169.00
3432,Penny,Watson,penny.watson@matthews.net,2665,"Cole, Smith and Wood",2021-05-03,2022-01-25,6752.00
5487,Paulina,Miller,paulina.miller@lewis-barker.com,1136,"Martin, Martin and Solis",2020-05-11,2021-03-29,1221.00
4395,Patrizio,Cisneros,patrizio.cisneros@martinez.edu.au,1876,Smith-Hill,2021-05-09,2021-06-18,3482.00
4548,Patricia,Liebelt,patricia.liebelt@baca.org,2741,Lucas-Mullins,2020-05-27,2021-03-20,6583.00
2075,Pascual,Corradi,pascual.corradi@lopez.net.au,534,"Lowery, Hayden and Cruz",2021-06-03,2021-06-18,2171.00
5441,Pam,Vargas,pam.vargas@guillot.net,890,Fields Ltd,2021-05-23,2021-06-21,176.00
1344,Ottfried,Marques,ottfried.marques@tyler-watson.info,2736,Davis-Gonzalez,2020-05-11,2021-06-01,85109.00
3429,Ottavio,Rust,ottavio.rust@crespi.com,1739,Jackson PLC,2020-12-09,2021-04-07,69737.00
4604,Oreste,Ward,oreste.ward@proyectos.com,1668,"Arias, Allen and Miller",2021-02-14,2021-11-03,64849.00
4213,Olivier,Petrucelli,olivier.petrucelli@letta-raurica.eu,1607,Smith-Hess,2020-04-28,2021-03-10,2748.00
5721,Odette,Moore,odette.moore@hall.edu,2432,Bell PLC,2021-10-07,2021-11-25,98.00
1537,Nuray,Anguillara,nuray.anguillara@yahoo.co.uk,398,Rodriguez-Hansen,2021-09-15,2021-10-26,53.00
5529,Noelia,Romo,noelia.romo@yahoo.com,367,Mcbride PLC,2020-10-18,2021-02-25,146133.00
5652,Nicole,Mccullough,nicole.mccullough@hall.com,1134,"Rogers, Huerta and Medina",2020-04-16,2021-03-02,1575.00
2093,Nicolaus,Bernetti,nicolaus.bernetti@aol.de,2663,Lutz Group,2020-09-07,2021-07-05,1688.00
3714,Nicholas,Christian,nicholas.christian@hotmail.de,378,"Jones, Taylor and Moore",2021-10-08,2021-11-03,98.00
5072,Nelly,Marsh,nelly.marsh@hotmail.it,241,"Young, Gilbert and Escobar",2020-10-11,2021-06-07,94266.00
4181,Nathalie,Alvarez,nathalie.alvarez@live.com,393,"Frye, Hunt and Powell",2021-05-10,2021-08-03,7539.00
3768,Nath,Rico,nath.rico@yahoo.com,2837,Kelly-Colon,2021-09-18,2021-11-30,87211.00
3657,Natalia,Seifert,natalia.seifert@ifrance.com,1927,Porter-Hicks,2021-02-22,2021-06-21,6097.00
3963,Nancy,Hayes,nancy.hayes@hotmail.com,3195,"Calhoun, Rogers and Long",2020-04-25,2021-03-22,3588.00
1941,Nadia,Travaglio,nadia.travaglio@colletti-broggini.com,127,"Jordan, Schneider and Hall",2021-08-12,2021-10-04,1320.00
5842,Mohammad,Hartung,mohammad.hartung@hotmail.com,341,"Young, Hart and Ryan",2021-07-29,2021-09-25,4797.00
5075,Mitchell,Bachmann,mitchell.bachmann@suarez-cruz.com,777,"Hull, Baker and Martinez",2020-03-14,2021-03-13,832.00
2706,Mirko,Townsend,mirko.townsend@schmitt.com,1722,Allen Inc,2021-03-14,2021-06-20,3395.00
5559,Mirjana,Collins,mirjana.collins@hotmail.com,2423,Cooke PLC,2020-12-05,2021-09-25,95.00
5149,Miriam,Oquendo,miriam.oquendo@smith-watson.biz,503,Sanchez Ltd,2021-05-14,2021-08-08,113450.00
1431,Micheletto,Sykes,micheletto.sykes@thompson-thompson.com,2589,Tran LLC,2021-02-20,2021-04-10,1647.00
4939,Michelangelo,Hess,michelangelo.hess@bouygtel.fr,1788,"Hernandez, Norton and Kelley",2020-12-30,2021-08-18,48281.00
2368,Meta,Cuzzocrea,meta.cuzzocrea@howard-jensen.org,565,Briggs PLC,2021-03-23,2021-04-14,80079.00
3723,Melinda,Canova,melinda.canova@orange.fr,1359,Summers PLC,2020-07-31,2021-03-22,5331.00
5565,Megan,Kuhl,megan.kuhl@despacho.com,2765,Ho-Harris,2020-12-01,2021-09-28,6583.00
5095,Maximiliano,Knowles,maximiliano.knowles@gmail.com,2185,"Smith, Brown and Davis",2021-12-27,2022-01-14,147083.00
2987,Maximilian,Siering,maximilian.siering@gaito-fornaciari.org,2139,Vincent PLC,2021-08-13,2021-12-26,250.00
4407,Maurizio,Gute,maurizio.gute@knight.info,2499,"Stafford, Hess and Raymond",2021-09-23,2022-01-18,1560.00
4149,Mattia,Huet,mattia.huet@aol.de,2515,"Vargas, Banks and Palmer",2020-10-07,2021-05-14,150776.00
5261,Matthieu,Mcdonald,matthieu.mcdonald@morrison.org,2098,Freeman-Ferguson,2021-02-10,2021-04-14,3525.00
5871,Matthew,Velasquez,matthew.velasquez@gmail.com,33,Sims-Gross,2021-03-05,2021-03-27,3990.00
6007,Mathilde,Kruschwitz,mathilde.kruschwitz@yahoo.com,1911,Willis and Sons,2021-04-06,2021-06-16,72323.00
2896,Mathew,Maestas,mathew.maestas@casas-garrido.com,1383,Morris Group,2021-02-14,2021-05-09,1755.00
4113,Mason,Potter,mason.potter@gmail.com,2247,Logan-Curtis,2020-11-21,2021-01-19,56077.00
3992,Marzena,Carrero,marzena.carrero@roskoth.de,1193,"Russo, Kim and Mccoy",2020-11-17,2021-09-22,9176.00
5725,Martyn,Caldera,martyn.caldera@hotmail.co.uk,2885,Soto LLC,2021-06-13,2021-11-18,17572.00
5188,Marliese,Oneal,marliese.oneal@gmail.com,2415,Yang and Sons,2021-04-29,2021-11-21,62697.00
2026,Marissa,Gaito,marissa.gaito@reed-campbell.edu,589,Buck-Khan,2021-02-02,2021-09-26,4391.00
4073,Marisela,Mende,marisela.mende@godoy-enriquez.com,2747,Smith Group,2021-08-27,2021-12-19,48928.00
4093,Marie,Zoppetto,marie.zoppetto@kallert.de,1994,Boyle Ltd,2021-03-07,2021-09-06,1320.00
2329,Mariano,Prieto,mariano.prieto@vodafone.it,1905,Romero-Hoffman,2021-06-15,2021-10-26,14450.00
1665,Margaretha,Murialdo,margaretha.murialdo@meunier.com,1879,Nixon Inc,2020-09-04,2021-04-16,137.00
3999,Marcus,Espino,marcus.espino@comolli.eu,2093,Ford LLC,2021-08-01,2021-10-05,1652.00
2913,Marcantonio,Bennett,marcantonio.bennett@hopkins.com.au,313,Bailey and Sons,2021-06-19,2022-01-03,63690.00
4643,Maik,Beasley,maik.beasley@harper-brooks.biz,1582,Henderson Ltd,2020-11-30,2021-05-07,47813.00
5171,Maggie,Boito,maggie.boito@yahoo.com,1315,"Velazquez, Hunt and Ortiz",2021-03-28,2021-04-23,6214.00
5657,Lydia,Berengario,lydia.berengario@aol.de,3064,"Nolan, Smith and Sanchez",2021-10-19,2021-10-24,60790.00
5874,Ludger,Naccari,ludger.naccari@ingram.biz,3123,Floyd-Sims,2020-07-04,2021-02-11,4497.00
4014,Luce,Marty,luce.marty@waehner.org,1294,Martinez PLC,2020-07-13,2021-06-20,126763.00
1399,Luc,Quinn,luc.quinn@walker.com,1724,Davis-Gardner,2020-04-21,2021-04-24,3899.00
2942,Lorraine,Crawford,lorraine.crawford@gmail.com,2310,Lucero Group,2020-07-14,2021-03-26,6451.00
2066,Lori,Fagotto,lori.fagotto@hill-anderson.com,1522,"Turner, Miller and Francis",2020-12-26,2021-07-03,1263.00
2601,Lorenzo,Roero,lorenzo.roero@hotmail.co.uk,3040,"Brady, Cortez and Rodriguez",2021-03-05,2021-07-02,7064.00
1707,Logan,Hornich,logan.hornich@tin.it,2103,Johnson-Morales,2021-01-26,2021-01-30,16494.00
4790,Livio,Rosselli,livio.rosselli@green.co.uk,1575,Cox Group,2021-01-20,2021-04-29,1276.00
4967,Livia,Ernst,livia.ernst@colas.fr,2333,"Butler, Henry and Espinoza",2021-04-03,2021-12-23,2136.00
4320,Lisa,Terragni,lisa.terragni@proyectos.com,2851,"Smith, Jackson and Herrera",2021-02-07,2021-10-24,124131.00
5409,Linda,Franceschi,linda.franceschi@richards.net,583,"Mills, Frazier and Perez",2021-05-30,2021-09-09,9978.00
3733,Liliana,Barber,liliana.barber@libero.it,353,Johnson-Contreras,2020-06-15,2021-05-29,15564.00
4630,Lilia,Lollobrigida,lilia.lollobrigida@le.com,662,Reid-Day,2021-07-13,2021-08-29,10978.00
2444,Lewis,Lewis,lewis.lewis@pisano.net,2560,Stewart Inc,2021-01-24,2021-04-13,3465.00
4464,Leopoldo,Johnson,leopoldo.johnson@hotmail.com.au,2556,Mason-Sanders,2021-04-12,2021-12-03,73.00
3233,Leonor,Ferreira,leonor.ferreira@gmail.com,2745,Bailey PLC,2020-04-28,2021-03-22,282.00
3540,Leon,Baker,leon.baker@hotmail.com,1303,Brown Ltd,2020-09-08,2021-01-11,101510.00
2228,Leokadia,Verdier,leokadia.verdier@hotmail.com.au,726,"Avila, Ford and Welch",2020-05-24,2021-05-26,1773.00
6108,Leo,Petruzzi,leo.petruzzi@yahoo.com,865,Lee-Cobb,2021-04-14,2022-01-07,45499.00
2482,Leila,Washington,leila.washington@gmail.com,333,Luna-Horne,2020-05-18,2021-05-17,37385.00
2809,Lauretta,Neal,lauretta.neal@hotmail.de,2284,Foley-Cox,2021-07-09,2022-01-13,151747.00
2508,Laurence,Lucero,laurence.lucero@martin.org,2259,"Hodges, Smith and Kelly",2020-05-06,2021-02-09,8845.00
2939,Lauren,Guillaume,lauren.guillaume@sorgatz.org,3030,"Moore, Dudley and Navarro",2021-03-09,2021-06-28,71489.00
2269,Laure,Traetta,laure.traetta@kay-perkins.co.uk,810,Webb-Smith,2021-09-04,2021-11-29,5176.00
6026,Laura,Buckley,laura.buckley@ryan.org,468,Barrett PLC,2021-03-20,2021-04-16,21318.00
4520,Laszlo,Vallee,laszlo.vallee@verdier.com,783,Saunders Ltd,2020-05-20,2021-03-06,79651.00
2623,Krystal,Ammaniti,krystal.ammaniti@barbier.fr,3129,Young PLC,2020-05-20,2021-02-06,52829.00
5991,Kristie,Garrett,kristie.garrett@wernecke.com,1746,Silva-Hawkins,2020-09-21,2021-01-10,5167.00
1907,Korinna,Arnold,korinna.arnold@zapata-saenz.biz,1151,"Taylor, Johnson and Hernandez",2021-08-29,2021-09-24,25376.00
3814,Kimberly,Chan,kimberly.chan@gmail.com,2450,Morales Group,2021-05-21,2022-01-07,182133.00
4495,Kerry,Patel,kerry.patel@hutchinson.com,505,"Wright, Hunt and Rowe",2021-10-25,2021-12-16,42786.00
1631,Kenneth,Hurst,kenneth.hurst@meunier.net,117,Jensen-Brown,2021-04-01,2021-04-11,1662.00
2069,Kendra,David,kendra.david@allan-morton.com,2981,Richards-Davis,2020-06-17,2021-05-22,62756.00
1932,Kathrin,Godfrey,kathrin.godfrey@tele2.fr,956,Harrington-Harper,2020-08-13,2021-06-11,117446.00
4351,Kathleen,Solimena,kathleen.solimena@wallace.biz,558,Hogan Ltd,2021-05-10,2021-12-17,384.00
6179,Katherina,Barrientos,katherina.barrientos@trobbiani.eu,546,Williams-Ramirez,2021-01-14,2021-11-04,1750.00
1670,Katharine,Zaccagnini,katharine.zaccagnini@hotmail.com,284,Becker-Scott,2021-12-23,2021-12-26,25.00
5594,Katarina,Clarke,katarina.clarke@hotmail.com.au,910,Wiggins Ltd,2021-04-27,2021-11-24,3739.00
3072,Kasimir,Jaime,kasimir.jaime@gmail.com,514,King Inc,2020-12-23,2021-09-26,1155.00
4747,Karolin,Johann,karolin.johann@hotmail.com,251,Weber Inc,2021-01-13,2021-11-02,33083.00
4323,Karl,Trevisani,karl.trevisani@anguissola.it,2164,Bruce Group,2021-02-01,2021-09-05,1200.00
5810,Karina,Arreola,karina.arreola@yahoo.com.au,116,Little-Marsh,2021-10-07,2021-12-28,5242.00
4087,Karen,Avogadro,karen.avogadro@yahoo.com,669,Mason-Smith,2021-08-04,2021-09-13,57997.00
1906,Kaitlyn,Farinelli,kaitlyn.farinelli@outlook.com,939,Ross Group,2021-02-02,2021-03-26,5435.00
3043,Justine,Mancini,justine.mancini@tiscali.it,1563,"Sanders, Farley and Huffman",2021-04-08,2021-12-18,116195.00
4248,Justin,Luxardo,justin.luxardo@googlemail.com,2101,Roy PLC,2021-03-30,2021-05-24,608.00
4722,Julie,Coles,julie.coles@hotmail.fr,349,Brown-George,2021-04-20,2021-06-30,95.00
5000,Joseph,Glover,joseph.glover@laposte.net,2274,"Sawyer, Horton and Williams",2021-10-07,2021-10-13,126640.00
3373,Jos,Trobbiani,jos.trobbiani@samson.com,3201,"Brown, Herring and Bass",2020-11-26,2021-03-11,415.00
1592,Jorge,Monti,jorge.monti@clement.fr,1069,"Glass, Baker and Jones",2021-05-24,2021-12-31,9378.00
4129,Johnathan,Guidotti,johnathan.guidotti@cox-sanchez.net,2790,Rice-Parker,2020-06-03,2021-05-15,43164.00
3477,John,Lane,john.lane@gregoire.fr,170,Kim-Rice,2021-04-14,2021-05-01,4873.00
6105,Johanne,Strong,johanne.strong@yahoo.de,2338,"Klein, Stark and Livingston",2021-01-17,2021-12-09,44602.00
3735,Joe,Michaud,joe.michaud@yahoo.fr,2938,"Richardson, Woodward and Hansen",2020-11-08,2021-07-24,100031.00
4749,Jo,Mccarty,jo.mccarty@hotmail.com,784,Brady Ltd,2020-09-28,2021-03-31,2395.00
1419,Jessika,Meunier,jessika.meunier@gmx.de,1653,Schmidt-Gomez,2021-06-02,2021-09-04,3036.00
5512,Jerry,Santiago,jerry.santiago@soprano-ferragni.it,1285,Leonard-Mcclain,2021-04-16,2021-08-22,26980.00
2166,Jemma,Tate,jemma.tate@hotmail.de,2036,"Walker, Jones and Rodriguez",2021-06-18,2021-10-07,5575.00
3521,Jelena,Stiffel,jelena.stiffel@trupp.de,461,Erickson-Rogers,2021-07-03,2021-07-08,2192.00
5739,Jeffrey,Trommler,jeffrey.trommler@yahoo.com,2097,Pineda Ltd,2020-08-11,2021-10-08,4169.00
4941,Jeanette,Iannotti,jeanette.iannotti@yahoo.com,2156,"Mcdonald, Gonzalez and Ross",2021-10-21,2022-01-17,1723.00
6028,Jean,Berthelot,jean.berthelot@oscuro.it,2762,Garcia Group,2021-03-23,2021-06-16,73143.00
5472,Javier,Tessier,javier.tessier@mclaughlin.biz,524,Ramsey and Sons,2021-11-23,2022-02-05,1846.00
5799,Janko,Bishop,janko.bishop@tim.it,1003,Jones-Riddle,2020-10-19,2021-07-20,132077.00
2272,Janice,Infantino,janice.infantino@hotmail.com,2489,Miller Ltd,2020-11-10,2021-10-30,101563.00
2511,Janet,Madrigal,janet.madrigal@gmail.com,1696,King Ltd,2021-03-29,2021-06-11,3297.00
5260,Jake,Wiley,jake.wiley@outlook.com,1714,Hernandez-Macdonald,2020-04-27,2021-05-18,27307.00
5427,Jack,Klapp,jack.klapp@hotmail.com.au,2508,"Ramirez, Padilla and Barrera",2021-02-26,2021-05-02,2724.00
4770,Ivo,Moreno,ivo.moreno@hotmail.com,1143,Davis Ltd,2021-07-17,2021-11-18,30640.00
5695,Itzel,Murphy,itzel.murphy@muelichen.de,711,Simmons-Reynolds,2021-03-14,2021-04-29,55467.00
5779,Istvan,Draghi,istvan.draghi@ifrance.com,1169,Macias Inc,2020-09-02,2021-08-06,2014.00
2184,Israel,Watkins,israel.watkins@hotmail.com,985,Ramos and Sons,2021-06-11,2021-06-28,99.00
5001,Isidor,Carpenter,isidor.carpenter@chauvin.com,1847,Cummings-Hayes,2020-07-20,2021-07-24,43513.00
3870,Isabella,Deleon,isabella.deleon@web.de,2579,Moran and Sons,2021-05-10,2021-06-30,3402.00
1249,Isabel,Pruschke,isabel.pruschke@gmail.com,358,Sandoval-Powell,2021-05-09,2021-08-03,76308.00
2277,Irmi,Schweitzer,irmi.schweitzer@ozuna.com,1090,Parker LLC,2021-12-02,2022-01-12,49163.00
1494,Iris,Trincavelli,iris.trincavelli@tiscali.fr,1987,"Martin, Russell and Baker",2021-01-21,2021-12-30,3511.00
5637,Irina,Martineau,irina.martineau@gmail.com,495,"Wang, Koch and Weaver",2021-08-01,2021-12-27,22661.00
4025,Imelda,Guerin,imelda.guerin@stumpf.net,948,Burns-Burnett,2020-08-28,2021-05-19,1559.00
1904,Ilse,Bray,ilse.bray@venturi.it,2080,Murphy PLC,2021-06-26,2021-10-13,134378.00
3928,Hugh,Cantu,hugh.cantu@libero.it,1336,Sanders LLC,2021-02-01,2022-01-16,22855.00
2618,Hortense,Taylor,hortense.taylor@chambers.biz,1693,"Lewis, Taylor and Rivers",2021-02-07,2022-02-10,27326.00
3910,Hilary,Clark,hilary.clark@libero.it,748,Diaz-Garcia,2021-03-05,2021-03-14,8554.00
2609,Henry,Gucci,henry.gucci@leleu.fr,238,Parker PLC,2021-01-05,2021-07-21,41198.00
5726,Helen,Polanco,helen.polanco@hotmail.com,47,Woods Inc,2021-11-17,2021-12-09,2237.00
5698,Heidi,Barker,heidi.barker@gmail.com,896,Marshall Inc,2021-03-10,2021-04-06,145327.00
1383,Heiderose,Garcia,heiderose.garcia@noos.fr,1854,Singleton Ltd,2020-08-01,2021-07-30,3260.00
6161,Hazel,Pierce,hazel.pierce@outlook.com,921,Saunders Group,2020-05-31,2021-01-31,603.00
1241,Hartmuth,Robertson,hartmuth.robertson@thomas.edu.au,2963,"Brooks, Jones and Ingram",2021-05-12,2022-01-18,8030.00
5124,Harry,Fouquet,harry.fouquet@ibarra-cooper.com,2071,Murphy-Fox,2021-06-08,2021-12-27,868.00
5765,Harald,Roy,harald.roy@web.de,1680,"Gardner, Ryan and Gutierrez",2021-03-02,2021-09-20,4501.00
1568,Hanno,Gollum,hanno.gollum@smith.com,2090,"Turner, Young and Collins",2020-10-28,2021-02-27,93458.00
6222,Hanna,Reid,hanna.reid@salas.org,2177,Gallegos Inc,2020-04-29,2021-04-04,4526.00
4945,Hailey,Russell,hailey.russell@jourdan.org,1010,"Holder, Caldwell and Vance",2020-09-17,2021-05-25,134914.00
2385,Gunhild,Carrillo,gunhild.carrillo@elliott-gilbert.org,917,Jordan-Wolfe,2021-04-10,2021-04-25,2637.00
5179,Gunar,Patrick,gunar.patrick@leroy.com,1281,Rosario-Smith,2021-05-16,2021-07-22,720.00
4785,Guillermina,Nicholson,guillermina.nicholson@grondin.fr,563,Rush-Bowers,2021-04-12,2021-12-26,71872.00
5262,Guadalupe,Munoz,guadalupe.munoz@murray-hamilton.com.au,1419,"Leach, Rich and Price",2021-11-15,2021-12-07,67027.00
3667,Gretchen,Serna,gretchen.serna@pichon.org,1300,"Johnson, Turner and Carroll",2021-09-29,2021-11-21,120176.00
2122,Graziano,Jensen,graziano.jensen@gmail.com,2244,Clark-Conrad,2021-07-27,2021-09-17,3396.00
1321,Graham,Bajardi,graham.bajardi@yahoo.com,1447,Brown-Oliver,2021-11-23,2021-12-06,7123.00
4997,Grace,Kroker,grace.kroker@hotmail.com,1521,Freeman-French,2020-02-21,2021-02-23,1085.00
4109,Gottfried,Barbe,gottfried.barbe@hotmail.com,1835,"Sanchez, Cross and Savage",2021-02-15,2021-05-05,2159.00
3872,Glen,Faivre,glen.faivre@yahoo.com,2459,"Martin, Conway and Larsen",2020-12-13,2021-12-26,26907.00
1742,Giustino,Luzi,giustino.luzi@rolland.fr,507,"Ferguson, Murphy and Bright",2021-04-25,2021-10-10,13617.00
3506,Giuseppina,Tanguy,giuseppina.tanguy@wanadoo.fr,218,Rivera-Pearson,2021-02-21,2021-03-13,34664.00
5686,Giuseppe,Lee,giuseppe.lee@mahe.org,2134,Thomas Ltd,2021-11-15,2021-12-26,4286.00
6061,Giulietta,Lucas,giulietta.lucas@club.com,1620,Mayer-Richmond,2021-06-02,2021-06-30,54363.00
4161,Giorgia,Dijoux,giorgia.dijoux@paul.com,2836,Garcia Ltd,2020-12-13,2021-04-14,124.00
5745,Gioele,Schwital,gioele.schwital@moody.com,2476,Morgan-Jenkins,2021-09-13,2021-12-03,1627.00
3567,Gilberto,Evans,gilberto.evans@salcedo-archuleta.net,2915,Hernandez Group,2020-05-16,2021-03-18,87993.00
2225,Gianmarco,Alcaraz,gianmarco.alcaraz@zacchia.net,2638,"Tapia, Sandoval and Hurley",2021-11-08,2022-01-26,86109.00
5245,Gianluca,Beck,gianluca.beck@green.biz,1203,"Fischer, Torres and Walker",2021-06-16,2021-08-03,89130.00
3842,Gianfranco,Hethur,gianfranco.hethur@stewart-lee.com.au,1519,Rodriguez PLC,2020-01-19,2021-03-14,52885.00
1918,Giada,Celentano,giada.celentano@evans.net,2490,Dawson-Tyler,2020-12-08,2021-07-28,95831.00
3054,Geronimo,Pechel,geronimo.pechel@hotmail.com,2215,"Dougherty, Austin and Mills",2020-12-11,2021-05-26,95578.00
4474,Gerda,Cook,gerda.cook@tin.it,2570,Mora-Bradley,2021-01-09,2021-08-01,1444.00
2912,Gerd,Gunpf,gerd.gunpf@gmail.com,537,"Williams, Carter and Gonzalez",2021-02-12,2021-09-13,1677.00
6036,Gerardo,Hamilton,gerardo.hamilton@libero.it,2647,"Le, Burton and Evans",2020-12-25,2021-12-02,2212.00
5976,Geraldine,Cabrera,geraldine.cabrera@green-smith.info,1237,Stewart LLC,2021-02-11,2021-05-09,72796.00
5784,Gelsomina,Migliaccio,gelsomina.migliaccio@junk.com,2031,Butler LLC,2021-10-15,2021-11-30,1786.00
1478,Gavin,Proietti,gavin.proietti@gmx.de,1496,Lowery Group,2020-12-24,2021-08-29,438.00
1639,Gary,Armani,gary.armani@web.de,842,"Turner, Scott and Gentry",2021-03-31,2021-12-04,3155.00
6073,Gareth,Comolli,gareth.comolli@tiscali.fr,2175,"Taylor, Santiago and Flores",2020-10-08,2021-04-11,28777.00
4744,Gail,Petrocelli,gail.petrocelli@yahoo.com,699,Mccann-Le,2021-02-01,2021-07-20,45857.00
2878,Gabriella,Avila,gabriella.avila@gmail.com,1929,Hunt Group,2021-01-08,2021-04-13,85057.00
1657,Gabriela,Padilla,gabriela.padilla@pearson-russell.com,2510,Parker-Morris,2020-02-15,2021-02-23,40291.00
2043,Gabino,Blot,gabino.blot@lewis-russell.org,969,Wang-Rodriguez,2021-10-13,2021-11-02,131066.00
3186,Friedl,Powell,friedl.powell@laposte.net,2834,Navarro and Sons,2021-05-27,2021-06-01,84842.00
3694,Frida,Villarreal,frida.villarreal@hotmail.de,2171,"Whitehead, Bell and Hughes",2021-07-17,2021-11-12,13288.00
1677,Frank,Henry,frank.henry@yahoo.com,962,Drake PLC,2020-02-25,2021-04-06,13948.00
2712,Francisca,Becerra,francisca.becerra@young.com.au,1432,Johnson Group,2021-04-22,2022-01-08,1823.00
4088,Fortunata,Schneider,fortunata.schneider@tiscali.it,1307,Baker-Higgins,2020-12-17,2021-07-16,4671.00
4321,Folker,Swanson,folker.swanson@rodrigues.fr,2021,"Cline, Peterson and Lowery",2021-03-12,2021-10-24,34111.00
3032,Florentine,Saraceno,florentine.saraceno@gmail.com,1920,Smith-Kennedy,2021-08-21,2021-11-19,31708.00
1346,Florencia,Querini,florencia.querini@gmail.com,822,Harris-Golden,2020-09-15,2021-02-01,7282.00
5758,Fiona,Griffiths,fiona.griffiths@curatoli-verdone.it,3146,"Tucker, Fox and Green",2021-06-22,2021-10-23,99.00
3273,Federigo,Karge,federigo.karge@bohlander.com,3130,Martinez Ltd,2020-10-31,2021-11-12,4706.00
4328,Federico,Marie,federico.marie@jourdan.fr,2545,Harris-Perry,2021-03-05,2021-07-26,1013.00
1531,Fanny,Pertile,fanny.pertile@gmail.com,3020,Strickland Group,2020-05-17,2021-04-25,61426.00
6081,Fabrizia,Renard,fabrizia.renard@higgins-marks.com,539,Cochran Ltd,2021-04-17,2021-11-03,2613.00
6202,Evelin,Odonnell,evelin.odonnell@ibarra.net,2502,"Best, Carr and Williams",2021-01-08,2021-10-15,401.00
5493,Evangelos,Peters,evangelos.peters@sanchez.net,2660,Caldwell LLC,2021-07-23,2021-07-28,10212.00
1498,Evangelista,Pereira,evangelista.pereira@thompson-peterson.biz,1627,Ball LLC,2021-11-06,2021-12-10,2997.00
3850,Evan,Schacht,evan.schacht@price.com,923,Robbins Group,2021-02-04,2021-03-07,822.00
6229,Eva,Francis,eva.francis@parker.org,2035,"Bradshaw, Smith and Ryan",2021-05-09,2021-06-26,757.00
3717,Eugenio,Martin,eugenio.martin@yahoo.de,611,"Long, Morgan and Mitchell",2020-11-07,2021-06-16,34083.00
2441,Espartaco,Willis,espartaco.willis@hotmail.com,2893,"Austin, Baker and Kelley",2021-06-04,2021-10-29,5504.00
4136,Ernesto,Nerger,ernesto.nerger@middleton.co.uk,2991,Martin-Marshall,2020-12-19,2021-10-06,3199.00
3173,Erin,Weinhold,erin.weinhold@hotmail.fr,374,Charles Inc,2020-12-24,2021-12-18,49635.00
5370,Erika,Toussaint,erika.toussaint@sfr.fr,550,Smith-Nguyen,2021-01-18,2021-06-12,4768.00
2777,Erica,Zambrano,erica.zambrano@gmail.com,2113,Clark-Bowman,2020-11-15,2021-02-14,6068.00
2404,Enzio,Campos,enzio.campos@tim.it,167,"White, Pena and Calhoun",2020-11-21,2021-11-18,7257.00
2080,Ennio,Leoncavallo,ennio.leoncavallo@sanchez.org,2847,Gibson-Hernandez,2021-02-17,2021-06-09,16036.00
3123,Emmanuelle,Keller,emmanuelle.keller@morton-clarke.com,1172,Fuentes LLC,2021-04-09,2021-11-29,30879.00
6055,Emmanuel,Dominguez,emmanuel.dominguez@gmail.com,2835,Lee LLC,2021-03-26,2021-08-24,3073.00
4478,Emine,Tacchini,emine.tacchini@dbmail.com,1358,Stone-Orozco,2021-01-06,2021-05-06,28940.00
4404,Emily,Cundari,emily.cundari@clark.com.au,2228,Alexander-Williams,2021-04-17,2021-07-08,273.00
5585,Emilio,Davenport,emilio.davenport@zamora-russo.net,265,White-Obrien,2021-11-26,2021-12-31,129126.00
5662,Emiliano,Wells,emiliano.wells@gmx.de,458,"Clark, Mccormick and Mendoza",2021-05-23,2021-06-25,75715.00
3801,Emilia,Vivaldi,emilia.vivaldi@garnier.fr,1494,Bradford-Silva,2020-10-09,2021-06-26,65004.00
4840,Elvira,Papafava,elvira.papafava@ifrance.com,966,Huff LLC,2021-04-10,2021-10-01,1670.00
4491,Elsa,Cugia,elsa.cugia@yahoo.com,2446,"Mercer, Solomon and Singleton",2020-12-04,2021-05-27,134.00
3790,Eloy,Renzi,eloy.renzi@gmail.com,23,Webb Group,2020-12-18,2021-03-14,21407.00
5374,Elias,Marin,elias.marin@herve.net,1065,Hall-Schaefer,2021-05-23,2021-07-29,48794.00
3699,Eduardo,Delattre,eduardo.delattre@lynch.net.au,843,Garner and Sons,2020-09-17,2021-04-26,3686.00
2354,Edelgard,Kreusel,edelgard.kreusel@hotmail.com,1652,"Morrow, Santiago and Soto",2021-05-05,2021-05-26,8672.00
3779,Dylan,Porzio,dylan.porzio@yahoo.de,84,Mcclure LLC,2021-06-12,2021-12-02,36669.00
4002,Dustin,Camacho,dustin.camacho@rhodes.org.au,1173,Jackson PLC,2021-02-21,2021-11-26,13324.00
1908,Dulce,Adinolfi,dulce.adinolfi@hotmail.com,2940,"Jackson, Martinez and Ray",2021-04-05,2022-01-19,30424.00
3710,Dragica,West,dragica.west@yahoo.com.au,1729,"Sheppard, Smith and Spence",2021-05-20,2021-10-03,3668.00
5177,Douglas,Amaya,douglas.amaya@favata-brenna.net,1941,Lamb-Sanders,2021-04-30,2021-12-26,70109.00
1244,Donatello,Millet,donatello.millet@fritsch.net,2403,Rodriguez-West,2020-09-24,2021-04-09,5256.00
3713,Donatella,Burns,donatella.burns@yahoo.de,1255,"York, Barr and Grant",2020-12-21,2021-02-24,1115.00
5873,Donald,Reynaud,donald.reynaud@green.edu.au,1952,"Martinez, Gomez and Dalton",2021-03-03,2021-06-16,50133.00
5678,Dino,Osborne,dino.osborne@despacho.com,2734,Estrada Group,2020-11-08,2021-01-22,36972.00
5395,Dina,Gibbons,dina.gibbons@brewer.net,2494,"Herrera, Bennett and Silva",2020-07-30,2021-05-04,94924.00
3458,Dimitri,Posada,dimitri.posada@gmail.com,3111,"Wilson, Hall and Osborne",2020-11-18,2021-08-16,76878.00
5100,Diether,Baeza,diether.baeza@grupo.biz,1715,Brown-Williams,2020-06-08,2021-04-07,123524.00
1867,Diane,Rogner,diane.rogner@kelly.co.uk,509,Mcknight-Freeman,2020-08-13,2021-04-22,1757.00
4146,Denis,Rogers,denis.rogers@poste.it,1191,Anthony-Shaw,2021-01-30,2021-05-23,146296.00
3895,Debra,Langlois,debra.langlois@schmiedecke.com,2905,Fleming-Oliver,2021-02-10,2021-07-26,153318.00
3131,David,Rudolph,david.rudolph@nelson.com,2430,"Baker, Morgan and Brown",2021-06-25,2021-07-16,4143.00
3916,Danny,Farrell,danny.farrell@hotmail.com,2488,Cooper Inc,2020-11-13,2021-03-21,1503.00
5468,Danielle,Ladeck,danielle.ladeck@scalfaro.net,970,"Rangel, Holt and Jones",2021-08-13,2021-08-31,2992.00
5066,Dana,Ritacca,dana.ritacca@gmail.com,3039,Palmer Inc,2021-04-05,2021-07-05,57159.00
5983,Damian,Pulido,damian.pulido@yahoo.de,399,"Dixon, Perez and Banks",2021-12-29,2022-01-16,6189.00
4466,Damaris,Pininfarina,damaris.pininfarina@gmail.com,2594,Robles Ltd,2021-02-19,2021-06-13,17809.00
6196,Dale,Leblanc,dale.leblanc@stewart.com,1436,Morrison-Henderson,2021-06-18,2021-11-12,96.00
1952,Cynthia,Robinson,cynthia.robinson@gilles.net,2447,Brown Inc,2021-09-19,2021-12-04,136557.00
1235,Cristina,Chevalier,cristina.chevalier@proyectos.com,1006,"Hale, Pearson and Jenkins",2020-12-17,2021-05-27,41828.00
2785,Courtney,Fiebig,courtney.fiebig@doerschner.com,2110,Daniel-Luna,2020-10-20,2021-01-17,72471.00
3826,Corrado,Warren,corrado.warren@hotmail.com.au,1372,Mueller-Harmon,2020-12-25,2021-12-16,2435.00
5849,Colette,Ryan,colette.ryan@hotmail.com,2600,Nelson-Valdez,2020-02-14,2021-04-06,3778.00
5373,Clelia,Faulkner,clelia.faulkner@hotmail.com,1225,Sanders-Allen,2021-10-05,2021-11-06,1593.00
2157,Clayton,Salcedo,clayton.salcedo@hotmail.co.uk,3081,Johns-Thomas,2020-11-25,2021-04-07,6073.00
5354,Christy,Grossi,christy.grossi@alarcon-tafoya.com,1379,"Chavez, Garcia and Cantu",2021-03-28,2021-08-25,5403.00
6181,Christopher,Poirier,christopher.poirier@hotmail.com,1239,Fitzgerald PLC,2021-06-25,2021-08-08,66404.00
4330,Christophe,Bohnbach,christophe.bohnbach@ifrance.com,423,Huff-Johnson,2021-03-27,2021-11-17,116570.00
3244,Christine,Hiller,christine.hiller@yahoo.com,1349,Taylor-Rowe,2021-06-08,2021-11-23,38177.00
5796,Charlotte,Duke,charlotte.duke@ochoa.org,314,"Lopez, Reid and Johnson",2021-03-22,2021-09-20,67212.00
1850,Charles,Begum,charles.begum@laboratorios.info,1369,Schultz Inc,2021-01-28,2021-08-24,3062.00
3290,Chantal,Armas,chantal.armas@jenkins.net,1572,Mcmillan Group,2021-03-22,2021-12-29,98164.00
1673,Celia,Ungaretti,celia.ungaretti@fox.com,2311,Farrell and Sons,2020-08-23,2021-03-24,75460.00
4661,Cecilia,Velasco,cecilia.velasco@rodrigues.fr,147,"Baldwin, Riley and Jackson",2020-02-13,2021-03-01,100.00
3314,Catherine,Gray,catherine.gray@hotmail.com,642,Nunez Inc,2020-11-06,2021-07-21,2098.00
1486,Caroline,Reeves,caroline.reeves@yahoo.com,2882,Barnes-Williams,2021-03-02,2021-12-02,3768.00
5889,Carolina,Murray,carolina.murray@knight.com,1894,"Ortiz, Coleman and Mitchell",2020-07-31,2021-05-11,4110.00
2813,Carmen,Oestrovsky,carmen.oestrovsky@gmail.com,1475,Wood Inc,2020-08-17,2021-08-05,151902.00
5566,Carly,Summers,carly.summers@yahoo.co.uk,1052,Williams and Sons,2020-07-12,2021-03-27,52264.00
2594,Caridad,Carr,caridad.carr@huhn.com,400,"Greene, Lloyd and Sims",2021-05-01,2021-09-02,332.00
2467,Calogero,Cross,calogero.cross@mercantini.it,968,Warren Ltd,2021-06-07,2021-09-21,153288.00
4904,Caleb,Benavides,caleb.benavides@rubio.com,601,"Perez, Johnson and Gardner",2020-08-11,2021-06-26,3270.00
4593,Burghard,Rosenow,burghard.rosenow@hotmail.com,553,Hensley Ltd,2021-07-27,2021-11-21,56177.00
4995,Bryan,Ross,bryan.ross@yahoo.com,1291,Mosley-Gilbert,2021-05-21,2021-09-23,66.00
2373,Brunhilde,Fletcher,brunhilde.fletcher@schomber.de,1505,Berry-Cannon,2020-11-10,2021-03-17,6363.00
2917,Brittany,Tran,brittany.tran@tele2.it,221,Weaver Ltd,2020-04-12,2021-01-14,72282.00
3440,Brigitta,Shaw,brigitta.shaw@hotmail.co.uk,751,Wallace LLC,2021-06-17,2021-07-16,99.00
3017,Brett,Jones,brett.jones@alice.it,1055,Parker Group,2021-02-10,2021-08-16,60442.00
2177,Brenda,Sontag,brenda.sontag@solari.com,1625,Gardner Group,2021-06-20,2021-11-12,31946.00
2873,Bonnie,Cignaroli,bonnie.cignaroli@yahoo.com,1378,Clements Ltd,2020-07-07,2021-07-27,2357.00
4568,Blanka,Villareal,blanka.villareal@monduzzi.net,1244,Murphy-Farrell,2021-01-23,2021-04-17,194.00
5362,Birgit,Pena,birgit.pena@armellini.it,657,Owens-Le,2021-07-31,2021-12-01,7233.00
2217,Biagio,Valenzuela,biagio.valenzuela@robinson.info,750,Jackson-Brown,2021-06-28,2021-12-17,103755.00
3418,Bethany,Hartmann,bethany.hartmann@yahoo.com,1805,"Wilson, Wilson and Mathis",2021-06-11,2021-10-26,98.00
5200,Beth,Miniati,beth.miniati@hudson.net,2654,"Thomas, Welch and Santana",2021-01-13,2021-05-05,2680.00
3033,Bertrand,Hopkins,bertrand.hopkins@gmail.com,2201,Davis and Sons,2021-05-01,2021-08-28,28795.00
4613,Berthold,Randall,berthold.randall@mcdonald.com,1598,Ramirez Group,2020-12-12,2021-06-28,8178.00
4439,Bernardo,Wieloch,bernardo.wieloch@budig.com,298,Thomas-Lopez,2020-12-24,2021-03-18,3385.00
1302,Bernard,Durand,bernard.durand@royer.com,3168,"Guerrero, Flores and Jenkins",2021-01-12,2021-12-22,591.00
5136,Benjamin,Schultz,benjamin.schultz@rivero-davila.com,2314,Shannon Ltd,2021-01-19,2021-07-25,95.00
3289,Ben,Maillot,ben.maillot@ramos.net,2365,Mills Group,2020-03-24,2021-02-22,5149.00
5141,Baccio,Marcacci,baccio.marcacci@laposte.net,578,Brown and Sons,2021-06-08,2022-01-03,21907.00
3451,Babette,Dumas,babette.dumas@brady.net,1509,"Ruiz, Richardson and Cole",2020-10-28,2021-04-20,4354.00
3431,Aurore,Rosemann,aurore.rosemann@leoncavallo-rusticucci.com,932,Peters-Nelson,2021-03-15,2021-10-01,87416.00
2338,Aurelia,Angiolello,aurelia.angiolello@lord.com,3140,Adams-Rollins,2021-03-25,2021-10-04,148692.00
3415,Augusto,Vercelloni,augusto.vercelloni@club-internet.fr,212,"Powers, Smith and Deleon",2020-09-23,2021-06-06,98.00
5470,Augustin,Wohlgemut,augustin.wohlgemut@watson.info,1831,Morales-Odonnell,2020-09-03,2021-02-15,72076.00
4390,Astrid,Roht,astrid.roht@fastwebnet.it,2965,"Rogers, Jacobs and Jackson",2020-09-03,2021-02-24,13339.00
4530,Arthur,Salazar,arthur.salazar@yahoo.com.au,1097,"Munoz, Cherry and Bell",2021-02-12,2021-06-29,2201.00
2703,Arnaude,Warner,arnaude.warner@gmail.com,2424,"Daniels, Rose and Tyler",2021-03-17,2021-04-15,3285.00
3331,Arnaldo,Ocasio,arnaldo.ocasio@hotmail.com,1409,Leblanc-Pineda,2021-08-13,2021-11-21,1221.00
3280,Ariadna,Geisel,ariadna.geisel@rangel.com,1114,Nunez-Richards,2020-04-08,2021-03-10,88154.00
2097,Arcelia,Babati,arcelia.babati@orange.fr,2773,Rodriguez-Patterson,2021-02-27,2021-11-23,81621.00
4171,Antonina,Cobb,antonina.cobb@gibson.org,1748,"Ferguson, Collins and Mata",2020-06-07,2021-05-24,51866.00
6089,Antonia,Kline,antonia.kline@gmail.com,764,Cruz Ltd,2020-06-26,2021-03-09,101862.00
5734,Anna,Freeman,anna.freeman@snyder.net,3182,Murray Ltd,2020-11-19,2021-10-20,562.00
4628,Anita,Galindo,anita.galindo@gmail.com,1672,Robinson Group,2021-01-25,2021-11-24,11252.00
5942,Angelo,Lozano,angelo.lozano@macias.com,685,"Cruz, Hall and Mason",2021-06-06,2021-07-08,780.00
2552,Angelina,Davies,angelina.davies@hotmail.com,331,Martinez Inc,2020-07-05,2021-06-08,1697.00
6084,Angela,Bowers,angela.bowers@laboratorios.com,1792,Smith-Reid,2020-11-03,2021-10-17,3141.00
3486,Anel,Carpentier,anel.carpentier@klein-joseph.org,1179,Romero and Sons,2020-10-01,2021-06-12,2121.00
4736,Andrew,Torres,andrew.torres@ruiz-torres.org,1903,Acevedo-Huffman,2021-06-17,2021-08-27,5040.00
2081,Amber,Weller,amber.weller@toso.eu,1891,Hall and Sons,2020-11-22,2021-12-05,42923.00
2307,Amanda,Palmer,amanda.palmer@didier.fr,2283,Perez-Hess,2021-10-12,2021-11-17,32169.00
4619,Amador,Riley,amador.riley@hotmail.com,1131,Smith-Ramos,2020-09-20,2021-06-27,135188.00
2357,Alyssa,Brun,alyssa.brun@chittolini-spadafora.it,1973,Montgomery-Castro,2021-01-26,2022-01-18,30147.00
3528,Alphonse,Nitto,alphonse.nitto@voila.fr,476,"Taylor, Cisneros and Romero",2021-04-06,2021-08-09,134441.00
1803,Alphons,Simmons,alphons.simmons@hotmail.com,2390,Cooper LLC,2021-03-13,2021-12-08,5511.00
2779,Alonso,Palomo,alonso.palomo@gehringer.de,1339,Anderson-Pham,2021-02-01,2021-10-08,100948.00
3353,Allegra,Benedetti,allegra.benedetti@miller.com,1760,Gallegos-Cobb,2021-01-21,2021-12-01,35177.00
2993,Alfredo,Ingram,alfredo.ingram@hotmail.com,359,Martinez-Johnson,2021-04-29,2021-12-14,80332.00
3455,Alfonso,Finetti,alfonso.finetti@quiroz.com,1883,"Sanchez, Bradley and Flores",2021-01-30,2021-10-19,107577.00
4603,Alf,Bates,alf.bates@dunn.com,135,"Pham, Avila and Nash",2020-05-27,2021-04-14,3874.00
5109,Alexandria,Best,alexandria.best@yahoo.co.uk,2918,Blair Inc,2021-02-05,2021-11-04,8631.00
3365,Alessio,Bruneau,alessio.bruneau@hotmail.co.uk,2141,Hernandez-Grimes,2021-01-07,2021-05-08,35354.00
5469,Aleksandr,Weiss,aleksandr.weiss@blanc.org,1730,"Davis, Cox and Fox",2021-03-28,2021-09-06,4498.00
3578,Alejandro,Cruz,alejandro.cruz@hotmail.com,1384,Martin-James,2021-01-11,2021-03-30,74502.00
3211,Alejandra,Joseph,alejandra.joseph@escalante-abrego.biz,2791,"Frazier, Patrick and Smith",2020-07-03,2021-06-17,79612.00
1372,Aldo,Cibin,aldo.cibin@gmx.de,1623,Jensen-Vargas,2020-08-27,2021-04-06,77403.00
6013,Alberto,Girschner,alberto.girschner@laboratorios.com,1951,Rodriguez-Robinson,2021-07-23,2021-11-25,903.00
1786,Alban,Barbier,alban.barbier@ortiz.org,300,"Harrison, Blackwell and Mendez",2021-07-10,2021-11-02,5040.00
3016,Alain,Farmer,alain.farmer@hotmail.it,971,"Hill, Mccann and Moore",2020-07-21,2021-06-11,4809.00
5103,Aimee,Foconi,aimee.foconi@outlook.com,2467,"Hobbs, Brown and Lee",2021-02-07,2021-06-11,68521.00
4034,Ahmad,Sosa,ahmad.sosa@gmail.com,186,Taylor PLC,2020-05-21,2021-01-28,48745.00
3651,Agathe,Dias,agathe.dias@jackson.com,182,"Rodriguez, Johnson and Jackson",2020-06-16,2021-05-25,5705.00
2604,Adina,Pollard,adina.pollard@outlook.com,1417,Thompson LLC,2020-06-13,2021-06-17,5300.00
4762,Aaron,Anaya,aaron.anaya@hotmail.com.au,2408,"Chan, Washington and Callahan",2021-04-12,2021-07-02,4656.00
